band,first,last
Buffalo Springfield,Stephen,Stills
Buffalo Springfield,Dewey,Martin
Buffalo Springfield,Bruce,Palmer
Buffalo Springfield,Richie,Furay
Buffalo Springfield,Neil,Young
Electric Light Orchestra,Roy,Wood
Electric Light Orchestra,Jeff,Lynne
Electric Light Orchestra,Bev,Bevan
Graham Bond Organisation,Graham,Bond
Graham Bond Organisation,Jack,Bruce
Graham Bond Organisation,Ginger,Baker
Graham Bond Organisation,Dick,Heckstall-Smith
Graham Bond Organisation,John,McLaughlin
Manfred Mann,Paul,Jones
Manfred Mann,Tom,McGuiness
Manfred Mann,Jack,Bruce
Manfred Mann,Manfred,Mann
Manfred Mann,Mike,Hugg
The Beatles,John,Lennon
The Beatles,Paul,McCartney
The Beatles,George,Harrison
The Beatles,Ringo,Starr
The Byrds,Jim,McGuinn
The Byrds,Gene,Clark
The Byrds,David,Crosby
The Byrds,Chris,Hillman
The Byrds,Michael,Clarke
The Hollies,Allan,Clarke
The Hollies,Graham,Nash
The Hollies,Vic,Steele
The Hollies,Eric,Haydock
The Hollies,Don,Rathbone
The Yardbirds,Keith,Relf
The Yardbirds,Eric,Clapton
The Yardbirds,Chris,Dreja
The Yardbirds,Paul,Samwell-Smith
The Yardbirds,Jim,McCarty
Tom Petty and the Heartbreakers,Tom,Petty
Tom Petty and the Heartbreakers,Mike,Cambell
Tom Petty and the Heartbreakers,Ron,Blair
Tom Petty and the Heartbreakers,Stan,Lynch
Tom Petty and the Heartbreakers,Benmont,Tench
